{
    "$schema": "https://schema.management.azure.com/schemas/2015-01-01/deploymentParameters.json#",
    "contentVersion": "1.0.0.0",
    "parameters": {
        "IotHubs_IoT2023_Bart_connectionString": {
            "value": null
        },
        "IotHubs_IoT2023_Bart_containerName": {
            "value": null
        },
        "IotHubs_IoT2023_Bart_name": {
            "value": null
        },
        "namespaces_iot2024_bk_name": {
            "value": null
        },
        "storageAccounts_iotprojectbk_name": {
            "value": null
        },
        "streamingjobs_asa_iot_project_name": {
            "value": null
        }
    }
}